REGIÓN,IDENTIFICADOR,PROVINCIA,COMUNA
ARICA Y PARINACOTA,XV,ARICA,ARICA
ARICA Y PARINACOTA,XV,ARICA,CAMARONES
ARICA Y PARINACOTA,XV,PARINACOTA,GENERAL LAGOS
ARICA Y PARINACOTA,XV,PARINACOTA,PUTRE
TARAPACÁ,I,IQUIQUE,ALTO HOSPICIO
TARAPACÁ,I,IQUIQUE,IQUIQUE
TARAPACÁ,I,TAMARUGAL,CAMIÑA
TARAPACÁ,I,TAMARUGAL,COLCHANE
TARAPACÁ,I,TAMARUGAL,HUARA
TARAPACÁ,I,TAMARUGAL,PICA
TARAPACÁ,I,TAMARUGAL,POZO ALMONTE
ANTOFAGASTA,II,ANTOFAGASTA,ANTOFAGASTA
ANTOFAGASTA,II,ANTOFAGASTA,MEJILLONES
ANTOFAGASTA,II,ANTOFAGASTA,SIERRA GORDA
ANTOFAGASTA,II,ANTOFAGASTA,TALTAL
ANTOFAGASTA,II,EL LOA,CALAMA
ANTOFAGASTA,II,EL LOA,OLLAGÜE
ANTOFAGASTA,II,EL LOA,SAN PEDRO DE ATACAMA
ANTOFAGASTA,II,TOCOPILLA,MARÍA ELENA
ANTOFAGASTA,II,TOCOPILLA,TOCOPILLA
ATACAMA,III,CHAÑARAL,CHAÑARAL
ATACAMA,III,CHAÑARAL,DIEGO DE ALMAGRO
ATACAMA,III,COPIAPÓ,CALDERA
ATACAMA,III,COPIAPÓ,COPIAPÓ
ATACAMA,III,COPIAPÓ,TIERRA AMARILLA
ATACAMA,III,HUASCO,ALTO DEL CARMEN
ATACAMA,III,HUASCO,FREIRINA
ATACAMA,III,HUASCO,HUASCO
ATACAMA,III,HUASCO,VALLENAR
COQUIMBO,IV,CHOAPA,CANELA
COQUIMBO,IV,CHOAPA,ILLAPEL
COQUIMBO,IV,CHOAPA,LOS VILOS
COQUIMBO,IV,CHOAPA,SALAMANCA
COQUIMBO,IV,ELQUI,ANDACOLLO
COQUIMBO,IV,ELQUI,COQUIMBO
COQUIMBO,IV,ELQUI,LA HIGUERA
COQUIMBO,IV,ELQUI,LA SERENA
COQUIMBO,IV,ELQUI,PAIHUANO
COQUIMBO,IV,ELQUI,VICUÑA
COQUIMBO,IV,LIMARÍ,COMBARBALÁ
COQUIMBO,IV,LIMARÍ,MONTE PATRIA
COQUIMBO,IV,LIMARÍ,OVALLE
COQUIMBO,IV,LIMARÍ,PUNITAQUI
COQUIMBO,IV,LIMARÍ,RÍO HURTADO
VALPARAÍSO,V,ISLA DE PASCUA,ISLA DE PASCUA
VALPARAÍSO,V,LOS ANDES,CALLE LARGA
VALPARAÍSO,V,LOS ANDES,LOS ANDES
VALPARAÍSO,V,LOS ANDES,RINCONADA DE LOS ANDES
VALPARAÍSO,V,LOS ANDES,SAN ESTEBAN
VALPARAÍSO,V,MARGA MARGA,LIMACHE
VALPARAÍSO,V,MARGA MARGA,OLMUÉ
VALPARAÍSO,V,MARGA MARGA,QUILPUÉ
VALPARAÍSO,V,MARGA MARGA,VILLA ALEMANA
VALPARAÍSO,V,PETORCA,CABILDO
VALPARAÍSO,V,PETORCA,LA LIGUA
VALPARAÍSO,V,PETORCA,PAPUDO
VALPARAÍSO,V,PETORCA,PETORCA
VALPARAÍSO,V,PETORCA,ZAPALLAR
VALPARAÍSO,V,QUILLOTA,HIJUELAS
VALPARAÍSO,V,QUILLOTA,LA CALERA
VALPARAÍSO,V,QUILLOTA,LA CRUZ
VALPARAÍSO,V,QUILLOTA,NOGALES
VALPARAÍSO,V,QUILLOTA,QUILLOTA
VALPARAÍSO,V,SAN ANTONIO,ALGARROBO
VALPARAÍSO,V,SAN ANTONIO,CARTAGENA
VALPARAÍSO,V,SAN ANTONIO,EL QUISCO
VALPARAÍSO,V,SAN ANTONIO,EL TABO
VALPARAÍSO,V,SAN ANTONIO,SAN ANTONIO
VALPARAÍSO,V,SAN ANTONIO,SANTO DOMINGO
VALPARAÍSO,V,SAN FELIPE DE ACONCAGUA,CATEMU
VALPARAÍSO,V,SAN FELIPE DE ACONCAGUA,LLAILLAY
VALPARAÍSO,V,SAN FELIPE DE ACONCAGUA,PANQUEHUE
VALPARAÍSO,V,SAN FELIPE DE ACONCAGUA,PUTAENDO
VALPARAÍSO,V,SAN FELIPE DE ACONCAGUA,SAN FELIPE
VALPARAÍSO,V,SAN FELIPE DE ACONCAGUA,SANTA MARÍA
VALPARAÍSO,V,VALPARAÍSO,CASABLANCA
VALPARAÍSO,V,VALPARAÍSO,CONCÓN
VALPARAÍSO,V,VALPARAÍSO,JUAN FERNÁNDEZ
VALPARAÍSO,V,VALPARAÍSO,PUCHUNCAVÍ
VALPARAÍSO,V,VALPARAÍSO,QUINTERO
VALPARAÍSO,V,VALPARAÍSO,VALPARAÍSO
VALPARAÍSO,V,VALPARAÍSO,VIÑA DEL MAR
LIBERTADOR GENERAL BERNARDO O'HIGGINS,VI,CACHAPOAL,CODEGUA
LIBERTADOR GENERAL BERNARDO O'HIGGINS,VI,CACHAPOAL,COÍNCO
LIBERTADOR GENERAL BERNARDO O'HIGGINS,VI,CACHAPOAL,COLTAUCO
LIBERTADOR GENERAL BERNARDO O'HIGGINS,VI,CACHAPOAL,DOÑIHUE
LIBERTADOR GENERAL BERNARDO O'HIGGINS,VI,CACHAPOAL,GRANEROS
LIBERTADOR GENERAL BERNARDO O'HIGGINS,VI,CACHAPOAL,LAS CABRAS
LIBERTADOR GENERAL BERNARDO O'HIGGINS,VI,CACHAPOAL,MACHALÍ
LIBERTADOR GENERAL BERNARDO O'HIGGINS,VI,CACHAPOAL,MALLOA
LIBERTADOR GENERAL BERNARDO O'HIGGINS,VI,CACHAPOAL,OLIVAR
LIBERTADOR GENERAL BERNARDO O'HIGGINS,VI,CACHAPOAL,PEUMO
LIBERTADOR GENERAL BERNARDO O'HIGGINS,VI,CACHAPOAL,PICHIDEGUA
LIBERTADOR GENERAL BERNARDO O'HIGGINS,VI,CACHAPOAL,QUINTA DE TILCOCO
LIBERTADOR GENERAL BERNARDO O'HIGGINS,VI,CACHAPOAL,RANCAGUA
LIBERTADOR GENERAL BERNARDO O'HIGGINS,VI,CACHAPOAL,REQUÍNOA
LIBERTADOR GENERAL BERNARDO O'HIGGINS,VI,CACHAPOAL,RENGO
LIBERTADOR GENERAL BERNARDO O'HIGGINS,VI,CACHAPOAL,SAN FRANCISCO DE MOSTAZAL
LIBERTADOR GENERAL BERNARDO O'HIGGINS,VI,CACHAPOAL,SAN VICENTE DE TAGUA TAGUA
LIBERTADOR GENERAL BERNARDO O'HIGGINS,VI,CARDENAL CARO,LA ESTRELLA
LIBERTADOR GENERAL BERNARDO O'HIGGINS,VI,CARDENAL CARO,LITUECHE
LIBERTADOR GENERAL BERNARDO O'HIGGINS,VI,CARDENAL CARO,MARCHIGÜE
LIBERTADOR GENERAL BERNARDO O'HIGGINS,VI,CARDENAL CARO,NAVIDAD
LIBERTADOR GENERAL BERNARDO O'HIGGINS,VI,CARDENAL CARO,PAREDONES
LIBERTADOR GENERAL BERNARDO O'HIGGINS,VI,CARDENAL CARO,PICHILEMU
LIBERTADOR GENERAL BERNARDO O'HIGGINS,VI,COLCHAGUA,CHÉPICA
LIBERTADOR GENERAL BERNARDO O'HIGGINS,VI,COLCHAGUA,CHIMBARONGO
LIBERTADOR GENERAL BERNARDO O'HIGGINS,VI,COLCHAGUA,LOLOL
LIBERTADOR GENERAL BERNARDO O'HIGGINS,VI,COLCHAGUA,NANCAGUA
LIBERTADOR GENERAL BERNARDO O'HIGGINS,VI,COLCHAGUA,PALMILLA
LIBERTADOR GENERAL BERNARDO O'HIGGINS,VI,COLCHAGUA,PERALILLO
LIBERTADOR GENERAL BERNARDO O'HIGGINS,VI,COLCHAGUA,PLACILLA
LIBERTADOR GENERAL BERNARDO O'HIGGINS,VI,COLCHAGUA,PUMANQUE
LIBERTADOR GENERAL BERNARDO O'HIGGINS,VI,COLCHAGUA,SAN FERNANDO
LIBERTADOR GENERAL BERNARDO O'HIGGINS,VI,COLCHAGUA,SANTA CRUZ
MAULE,VII,CAUQUENES,CAUQUENES
MAULE,VII,CAUQUENES,CHANCO
MAULE,VII,CAUQUENES,PELLUHUE
MAULE,VII,CURICÓ,CURICÓ
MAULE,VII,CURICÓ,HUALAÑÉ
MAULE,VII,CURICÓ,LICANTÉN
MAULE,VII,CURICÓ,MOLINA
MAULE,VII,CURICÓ,RAUCO
MAULE,VII,CURICÓ,ROMERAL
MAULE,VII,CURICÓ,SAGRADA FAMILIA
MAULE,VII,CURICÓ,TENO
MAULE,VII,CURICÓ,VICHUQUÉN
MAULE,VII,LINARES,COLBÚN
MAULE,VII,LINARES,LINARES
MAULE,VII,LINARES,LONGAVÍ
MAULE,VII,LINARES,PARRAL
MAULE,VII,LINARES,RETIRO
MAULE,VII,LINARES,SAN JAVIER DE LONCOMILLA
MAULE,VII,LINARES,VILLA ALEGRE
MAULE,VII,LINARES,YERBAS BUENAS
MAULE,VII,TALCA,CONSTITUCIÓN
MAULE,VII,TALCA,CUREPTO
MAULE,VII,TALCA,EMPEDRADO
MAULE,VII,TALCA,MAULE
MAULE,VII,TALCA,PELARCO
MAULE,VII,TALCA,PENCAHUE
MAULE,VII,TALCA,RÍO CLARO
MAULE,VII,TALCA,SAN CLEMENTE
MAULE,VII,TALCA,SAN RAFAEL
MAULE,VII,TALCA,TALCA
ÑUBLE,XVI,DIGUILLÍN,BULNES
ÑUBLE,XVI,DIGUILLÍN,CHILLÁN
ÑUBLE,XVI,DIGUILLÍN,CHILLÁN VIEJO
ÑUBLE,XVI,DIGUILLÍN,EL CARMEN
ÑUBLE,XVI,DIGUILLÍN,PEMUCO
ÑUBLE,XVI,DIGUILLÍN,PINTO
ÑUBLE,XVI,DIGUILLÍN,QUILLÓN
ÑUBLE,XVI,DIGUILLÍN,SAN IGNACIO
ÑUBLE,XVI,DIGUILLÍN,YUNGAY
ÑUBLE,XVI,ITATA,COBQUECURA
ÑUBLE,XVI,ITATA,COELEMU
ÑUBLE,XVI,ITATA,NINHUE
ÑUBLE,XVI,ITATA,PORTEZUELO
ÑUBLE,XVI,ITATA,QUIRIHUE
ÑUBLE,XVI,ITATA,RÁNQUIL
ÑUBLE,XVI,ITATA,TREGUACO
ÑUBLE,XVI,PUNILLA,COIHUECO
ÑUBLE,XVI,PUNILLA,ÑIQUÉN
ÑUBLE,XVI,PUNILLA,SAN CARLOS
ÑUBLE,XVI,PUNILLA,SAN FABIÁN
ÑUBLE,XVI,PUNILLA,SAN NICOLÁS
BIOBÍO,VIII,ARAUCO,ARAUCO
BIOBÍO,VIII,ARAUCO,CAÑETE
BIOBÍO,VIII,ARAUCO,CONTULMO
BIOBÍO,VIII,ARAUCO,CURANILAHUE
BIOBÍO,VIII,ARAUCO,LEBU
BIOBÍO,VIII,ARAUCO,LOS ÁLAMOS
BIOBÍO,VIII,ARAUCO,TIRÚA
BIOBÍO,VIII,BIOBÍO,ALTO BIOBÍO
BIOBÍO,VIII,BIOBÍO,ANTUCO
BIOBÍO,VIII,BIOBÍO,CABRERO
BIOBÍO,VIII,BIOBÍO,LAJA
BIOBÍO,VIII,BIOBÍO,LOS ÁNGELES
BIOBÍO,VIII,BIOBÍO,MULCHÉN
BIOBÍO,VIII,BIOBÍO,NACIMIENTO
BIOBÍO,VIII,BIOBÍO,NEGRETE
BIOBÍO,VIII,BIOBÍO,QUILACO
BIOBÍO,VIII,BIOBÍO,QUILLECO
BIOBÍO,VIII,BIOBÍO,SAN ROSENDO
BIOBÍO,VIII,BIOBÍO,SANTA BÁRBARA
BIOBÍO,VIII,BIOBÍO,TUCAPEL
BIOBÍO,VIII,BIOBÍO,YUMBEL
BIOBÍO,VIII,CONCEPCIÓN,CHIGUAYANTE
BIOBÍO,VIII,CONCEPCIÓN,CONCEPCIÓN
BIOBÍO,VIII,CONCEPCIÓN,CORONEL
BIOBÍO,VIII,CONCEPCIÓN,FLORIDA
BIOBÍO,VIII,CONCEPCIÓN,HUALPÉN
BIOBÍO,VIII,CONCEPCIÓN,HUALQUI
BIOBÍO,VIII,CONCEPCIÓN,LOTA
BIOBÍO,VIII,CONCEPCIÓN,PENCO
BIOBÍO,VIII,CONCEPCIÓN,SAN PEDRO DE LA PAZ
BIOBÍO,VIII,CONCEPCIÓN,SANTA JUANA
BIOBÍO,VIII,CONCEPCIÓN,TALCAHUANO
BIOBÍO,VIII,CONCEPCIÓN,TOMÉ
ARAUCANÍA,IX,CAUTÍN,CARAHUE
ARAUCANÍA,IX,CAUTÍN,CHOLCHOL
ARAUCANÍA,IX,CAUTÍN,CUNCO
ARAUCANÍA,IX,CAUTÍN,CURARREHUE
ARAUCANÍA,IX,CAUTÍN,FREIRE
ARAUCANÍA,IX,CAUTÍN,GALVARINO
ARAUCANÍA,IX,CAUTÍN,GORBEA
ARAUCANÍA,IX,CAUTÍN,LAUTARO
ARAUCANÍA,IX,CAUTÍN,LONCOCHE
ARAUCANÍA,IX,CAUTÍN,MELIPEUCO
ARAUCANÍA,IX,CAUTÍN,NUEVA IMPERIAL
ARAUCANÍA,IX,CAUTÍN,PADRE LAS CASAS
ARAUCANÍA,IX,CAUTÍN,PERQUENCO
ARAUCANÍA,IX,CAUTÍN,PITRUFQUÉN
ARAUCANÍA,IX,CAUTÍN,PUCÓN
ARAUCANÍA,IX,CAUTÍN,SAAVEDRA
ARAUCANÍA,IX,CAUTÍN,TEMUCO
ARAUCANÍA,IX,CAUTÍN,TEODORO SCHMIDT
ARAUCANÍA,IX,CAUTÍN,TOLTÉN
ARAUCANÍA,IX,CAUTÍN,VILCÚN
ARAUCANÍA,IX,CAUTÍN,VILLARRICA
ARAUCANÍA,IX,MALLECO,ANGOL
ARAUCANÍA,IX,MALLECO,COLLIPULLI
ARAUCANÍA,IX,MALLECO,CURACAUTÍN
ARAUCANÍA,IX,MALLECO,ERCILLA
ARAUCANÍA,IX,MALLECO,LONQUIMAY
ARAUCANÍA,IX,MALLECO,LOS SAUCES
ARAUCANÍA,IX,MALLECO,LUMACO
ARAUCANÍA,IX,MALLECO,PURÉN
ARAUCANÍA,IX,MALLECO,RENAICO
ARAUCANÍA,IX,MALLECO,TRAIGUÉN
ARAUCANÍA,IX,MALLECO,VICTORIA
LOS RÍOS,XIV,RANCO,FUTRONO
LOS RÍOS,XIV,RANCO,LA UNIÓN
LOS RÍOS,XIV,RANCO,LAGO RANCO
LOS RÍOS,XIV,RANCO,RÍO BUENO
LOS RÍOS,XIV,VALDIVIA,CORRAL
LOS RÍOS,XIV,VALDIVIA,LANCO
LOS RÍOS,XIV,VALDIVIA,LOS LAGOS
LOS RÍOS,XIV,VALDIVIA,MÁFIL
LOS RÍOS,XIV,VALDIVIA,MARIQUINA
LOS RÍOS,XIV,VALDIVIA,PAILLACO
LOS RÍOS,XIV,VALDIVIA,PANGUIPULLI
LOS RÍOS,XIV,VALDIVIA,VALDIVIA
LOS LAGOS,X,CHILOÉ,ANCUD
LOS LAGOS,X,CHILOÉ,CASTRO
LOS LAGOS,X,CHILOÉ,CHONCHI
LOS LAGOS,X,CHILOÉ,CURACO DE VÉLEZ
LOS LAGOS,X,CHILOÉ,DALCAHUE
LOS LAGOS,X,CHILOÉ,PUQUELDÓN
LOS LAGOS,X,CHILOÉ,QUEILÉN
LOS LAGOS,X,CHILOÉ,QUELLÓN
LOS LAGOS,X,CHILOÉ,QUEMCHI
LOS LAGOS,X,CHILOÉ,QUINCHAO
LOS LAGOS,X,LLANQUIHUE,CALBUCO
LOS LAGOS,X,LLANQUIHUE,COCHAMÓ
LOS LAGOS,X,LLANQUIHUE,FRESIA
LOS LAGOS,X,LLANQUIHUE,FRUTILLAR
LOS LAGOS,X,LLANQUIHUE,LLANQUIHUE
LOS LAGOS,X,LLANQUIHUE,LOS MUERMOS
LOS LAGOS,X,LLANQUIHUE,MAULLÍN
LOS LAGOS,X,LLANQUIHUE,PUERTO MONTT
LOS LAGOS,X,LLANQUIHUE,PUERTO VARAS
LOS LAGOS,X,OSORNO,OSORNO
LOS LAGOS,X,OSORNO,PUERTO OCTAY
LOS LAGOS,X,OSORNO,PURRANQUE
LOS LAGOS,X,OSORNO,PUYEHUE
LOS LAGOS,X,OSORNO,RÍO NEGRO
LOS LAGOS,X,OSORNO,SAN PABLO
LOS LAGOS,X,OSORNO,SAN JUAN DE LA COSTA
LOS LAGOS,X,PALENA,CHAITÉN
LOS LAGOS,X,PALENA,FUTALEUFÚ
LOS LAGOS,X,PALENA,HUALAIHUÉ
LOS LAGOS,X,PALENA,PALENA
AYSÉN DEL GENERAL CARLOS IBÁÑEZ DEL CAMPO,XI,AYSÉN,AYSÉN
AYSÉN DEL GENERAL CARLOS IBÁÑEZ DEL CAMPO,XI,AYSÉN,CISNES
AYSÉN DEL GENERAL CARLOS IBÁÑEZ DEL CAMPO,XI,AYSÉN,GUAITECAS
AYSÉN DEL GENERAL CARLOS IBÁÑEZ DEL CAMPO,XI,CAPITÁN PRAT,COCHRANE
AYSÉN DEL GENERAL CARLOS IBÁÑEZ DEL CAMPO,XI,CAPITÁN PRAT,O'HIGGINS
AYSÉN DEL GENERAL CARLOS IBÁÑEZ DEL CAMPO,XI,CAPITÁN PRAT,TORTEL
AYSÉN DEL GENERAL CARLOS IBÁÑEZ DEL CAMPO,XI,COYHAIQUE,COYHAIQUE
AYSÉN DEL GENERAL CARLOS IBÁÑEZ DEL CAMPO,XI,COYHAIQUE,LAGO VERDE
AYSÉN DEL GENERAL CARLOS IBÁÑEZ DEL CAMPO,XI,GENERAL CARRERA,CHILE CHICO
AYSÉN DEL GENERAL CARLOS IBÁÑEZ DEL CAMPO,XI,GENERAL CARRERA,RÍO IBÁÑEZ
MAGALLANES Y DE LA ANTÁRTICA CHILENA,XII,ANTÁRTICA CHILENA,ANTÁRTICA
MAGALLANES Y DE LA ANTÁRTICA CHILENA,XII,ANTÁRTICA CHILENA,CABO DE HORNOS
MAGALLANES Y DE LA ANTÁRTICA CHILENA,XII,MAGALLANES,LAGUNA BLANCA
MAGALLANES Y DE LA ANTÁRTICA CHILENA,XII,MAGALLANES,PUNTA ARENAS
MAGALLANES Y DE LA ANTÁRTICA CHILENA,XII,MAGALLANES,RÍO VERDE
MAGALLANES Y DE LA ANTÁRTICA CHILENA,XII,MAGALLANES,SAN GREGORIO
MAGALLANES Y DE LA ANTÁRTICA CHILENA,XII,TIERRA DEL FUEGO,PORVENIR
MAGALLANES Y DE LA ANTÁRTICA CHILENA,XII,TIERRA DEL FUEGO,PRIMAVERA
MAGALLANES Y DE LA ANTÁRTICA CHILENA,XII,TIERRA DEL FUEGO,TIMAUKEL
MAGALLANES Y DE LA ANTÁRTICA CHILENA,XII,ÚLTIMA ESPERANZA,NATALES
MAGALLANES Y DE LA ANTÁRTICA CHILENA,XII,ÚLTIMA ESPERANZA,TORRES DEL PAINE
METROPOLITANA DE SANTIAGO,RM,CHACABUCO,COLINA
METROPOLITANA DE SANTIAGO,RM,CHACABUCO,LAMPA
METROPOLITANA DE SANTIAGO,RM,CHACABUCO,TILTIL
METROPOLITANA DE SANTIAGO,RM,CORDILLERA,PIRQUE
METROPOLITANA DE SANTIAGO,RM,CORDILLERA,PUENTE ALTO
METROPOLITANA DE SANTIAGO,RM,CORDILLERA,SAN JOSÉ DE MAIPO
METROPOLITANA DE SANTIAGO,RM,MAIPO,BUIN
METROPOLITANA DE SANTIAGO,RM,MAIPO,CALERA DE TANGO
METROPOLITANA DE SANTIAGO,RM,MAIPO,PAINE
METROPOLITANA DE SANTIAGO,RM,MAIPO,SAN BERNARDO
METROPOLITANA DE SANTIAGO,RM,MELIPILLA,ALHUÉ
METROPOLITANA DE SANTIAGO,RM,MELIPILLA,CURACAVÍ
METROPOLITANA DE SANTIAGO,RM,MELIPILLA,MARÍA PINTO
METROPOLITANA DE SANTIAGO,RM,MELIPILLA,MELIPILLA
METROPOLITANA DE SANTIAGO,RM,MELIPILLA,SAN PEDRO
METROPOLITANA DE SANTIAGO,RM,SANTIAGO,CERRILLOS
METROPOLITANA DE SANTIAGO,RM,SANTIAGO,CERRO NAVIA
METROPOLITANA DE SANTIAGO,RM,SANTIAGO,CONCHALÍ
METROPOLITANA DE SANTIAGO,RM,SANTIAGO,EL BOSQUE
METROPOLITANA DE SANTIAGO,RM,SANTIAGO,ESTACIÓN CENTRAL
METROPOLITANA DE SANTIAGO,RM,SANTIAGO,HUECHURABA
METROPOLITANA DE SANTIAGO,RM,SANTIAGO,INDEPENDENCIA
METROPOLITANA DE SANTIAGO,RM,SANTIAGO,LA CISTERNA
METROPOLITANA DE SANTIAGO,RM,SANTIAGO,LA GRANJA
METROPOLITANA DE SANTIAGO,RM,SANTIAGO,LA FLORIDA
METROPOLITANA DE SANTIAGO,RM,SANTIAGO,LA PINTANA
METROPOLITANA DE SANTIAGO,RM,SANTIAGO,LA REINA
METROPOLITANA DE SANTIAGO,RM,SANTIAGO,LAS CONDES
METROPOLITANA DE SANTIAGO,RM,SANTIAGO,LO BARNECHEA
METROPOLITANA DE SANTIAGO,RM,SANTIAGO,LO ESPEJO
METROPOLITANA DE SANTIAGO,RM,SANTIAGO,LO PRADO
METROPOLITANA DE SANTIAGO,RM,SANTIAGO,MACUL
METROPOLITANA DE SANTIAGO,RM,SANTIAGO,MAIPÚ
METROPOLITANA DE SANTIAGO,RM,SANTIAGO,ÑUÑOA
METROPOLITANA DE SANTIAGO,RM,SANTIAGO,PEDRO AGUIRRE CERDA
METROPOLITANA DE SANTIAGO,RM,SANTIAGO,PEÑALOLÉN
METROPOLITANA DE SANTIAGO,RM,SANTIAGO,PROVIDENCIA
METROPOLITANA DE SANTIAGO,RM,SANTIAGO,PUDAHUEL
METROPOLITANA DE SANTIAGO,RM,SANTIAGO,QUILICURA
METROPOLITANA DE SANTIAGO,RM,SANTIAGO,QUINTA NORMAL
METROPOLITANA DE SANTIAGO,RM,SANTIAGO,RECOLETA
METROPOLITANA DE SANTIAGO,RM,SANTIAGO,RENCA
METROPOLITANA DE SANTIAGO,RM,SANTIAGO,SAN MIGUEL
METROPOLITANA DE SANTIAGO,RM,SANTIAGO,SAN JOAQUÍN
METROPOLITANA DE SANTIAGO,RM,SANTIAGO,SAN RAMÓN
METROPOLITANA DE SANTIAGO,RM,SANTIAGO,SANTIAGO
METROPOLITANA DE SANTIAGO,RM,SANTIAGO,VITACURA
METROPOLITANA DE SANTIAGO,RM,TALAGANTE,EL MONTE
METROPOLITANA DE SANTIAGO,RM,TALAGANTE,ISLA DE MAIPO
METROPOLITANA DE SANTIAGO,RM,TALAGANTE,PADRE HURTADO
METROPOLITANA DE SANTIAGO,RM,TALAGANTE,PEÑAFLOR
METROPOLITANA DE SANTIAGO,RM,TALAGANTE,TALAGANTE
